{
	"/": [],
	"/admin": [],
	"/admin/host": [],
	"/admin/parasite": [],
	"/host/chat": [],
	"/host/home": [],
	"/host/profile": [],
	"/login": [],
	"/parasite/chat": [],
	"/parasite/home": [],
	"/parasite/home/mission/activity": [],
	"/parasite/home/mission/competition": [],
	"/parasite/home/mission/exercises": [],
	"/parasite/home/mission/mock": [],
	"/parasite/home/resource/lecture": [],
	"/parasite/home/resource/tip2": [],
	"/parasite/home/resource/tip": [],
	"/parasite/profile": [],
	"/register/host": [],
	"/register/host/success": [],
	"/register/parasite": [],
	"/register/parasite/success": [],
	"/role": []
}